"","NoFeatures","Error"
"1",15,0.07948
"2",17,0.07642
"3",29,0.07678
